,avg_duration,avg_waiting,error_rate,request_count,avg_cpuUsage,avg_totalMemory,avg_freeMemory,avg_percentOfCpuUsed,avg_percentOfRamUsed
100,4001.655208440622,4001.628019885544,0,699,0.4158174523842926,1024.0,630.3888888888889,0.05197718154803657,0.38389368410463687
