,avg_duration,avg_waiting,error_rate,avg_cpuUsage,avg_totalMemory,avg_freeMemory,avg_percentOfCpuUsed,avg_percentOfRamUsed
100,4001.9308157499972,4001.8831507499976,0,0.15313316567563637,1024.0,489.5151515151515,0.01914164570945454,0.5214449564615885
200,4001.791499999999,4001.755520749999,0,0.27920984739166554,1024.0,484.72727272727275,0.03490123092395819,0.5261893994880446
