,avg_duration,avg_waiting,error_rate,avg_cpuUsage,avg_totalMemory,avg_freeMemory,avg_percentOfCpuUsed,avg_percentOfRamUsed
100,4002.1461368000005,4001.9878000000012,0,0.20770986260116692,1024.0,490.38461538461536,0.025963732825145854,52.041948758638824
200,4002.053443775104,4001.8750064257065,0,0.2473290598290598,1024.0,485.7692307692308,0.030916132478632473,52.518668541541466
