,avg_duration,avg_waiting,error_rate,request_count,avg_maxHeap,avg_freeHeapMomory,avg_usedHeapMemory
1000,2723.201213097042,2723.1472903707586,0,9170,386.0,224.94736842105263,160.78947368421052
2000,5241.180803452452,5241.11834051872,0,11528,386.0,102.94736842105263,282.89473684210526
3000,7709.267124145808,7709.193237390186,0,12292,386.0,52.94736842105263,333.0
4000,6972.261375011585,6972.174190972492,0,6447,386.0,4.0,381.3333333333333
