,avg_duration,avg_waiting,error_rate,request_count,avg_maxHeap,avg_freeHeapMomory,avg_usedHeapMemory
100,1027.4726499999997,1027.4340693803158,0,1646,386.0,359.8421052631579,25.842105263157894
200,1027.7514530500714,1027.7090391502243,0,3295,386.0,350.57894736842104,35.10526315789474
