{
  "metrics": {
    "http_req_duration{expected_response:true}": {
      "contains": "time",
      "values": {
        "min": 4001.4211,
        "med": 4002.6477,
        "max": 4039.8309,
        "p(90)": 4003.69048,
        "p(95)": 4003.99983,
        "avg": 4002.9387010014284
      },
      "type": "trend"
    },
    "http_req_waiting": {
      "type": "trend",
      "contains": "time",
      "values": {
        "p(95)": 4003.96511,
        "avg": 4002.9158612303277,
        "min": 4001.4211,
        "med": 4002.6406,
        "max": 4039.2992,
        "p(90)": 4003.6475
      }
    },
    "data_received": {
      "type": "counter",
      "contains": "data",
      "values": { "count": 95064, "rate": 1762.5813654515223 }
    },
    "iteration_duration": {
      "type": "trend",
      "contains": "time",
      "values": {
        "avg": 5009.648231044356,
        "min": 5002.1728,
        "med": 5009.7987,
        "max": 5045.0191,
        "p(90)": 5015.8753,
        "p(95)": 5017.03707
      }
    },
    "vus_max": {
      "contains": "default",
      "values": { "value": 100, "min": 100, "max": 100 },
      "type": "gauge"
    },
    "http_req_sending": {
      "type": "trend",
      "contains": "time",
      "values": {
        "min": 0,
        "med": 0,
        "max": 0.5317,
        "p(90)": 0,
        "p(95)": 0,
        "avg": 0.004677968526466379
      }
    },
    "iterations": {
      "values": { "count": 699, "rate": 12.960157098908253 },
      "type": "counter",
      "contains": "default"
    },
    "http_req_connecting": {
      "type": "trend",
      "contains": "time",
      "values": {
        "med": 0,
        "max": 1.0487,
        "p(90)": 0.50522,
        "p(95)": 0.5084299999999999,
        "avg": 0.06701301859799713,
        "min": 0
      }
    },
    "http_req_receiving": {
      "type": "trend",
      "contains": "time",
      "values": {
        "avg": 0.018161802575107293,
        "min": 0,
        "med": 0,
        "max": 0.609,
        "p(90)": 0,
        "p(95)": 0
      }
    },
    "http_req_failed": {
      "type": "rate",
      "contains": "default",
      "values": { "rate": 0, "passes": 0, "fails": 699 }
    },
    "http_req_duration": {
      "contains": "time",
      "values": {
        "min": 4001.4211,
        "med": 4002.6477,
        "max": 4039.8309,
        "p(90)": 4003.69048,
        "p(95)": 4003.99983,
        "avg": 4002.9387010014284
      },
      "type": "trend"
    },
    "data_sent": {
      "type": "counter",
      "contains": "data",
      "values": { "count": 64308, "rate": 1192.3344530995591 }
    },
    "http_req_tls_handshaking": {
      "values": {
        "p(90)": 0,
        "p(95)": 0,
        "avg": 0,
        "min": 0,
        "med": 0,
        "max": 0
      },
      "type": "trend",
      "contains": "time"
    },
    "http_reqs": {
      "values": { "count": 699, "rate": 12.960157098908253 },
      "type": "counter",
      "contains": "default"
    },
    "vus": {
      "type": "gauge",
      "contains": "default",
      "values": { "max": 100, "value": 6, "min": 1 }
    },
    "http_req_blocked": {
      "type": "trend",
      "contains": "time",
      "values": {
        "med": 0,
        "max": 3.5137,
        "p(90)": 0.5055,
        "p(95)": 0.50892,
        "avg": 0.07652374821173104,
        "min": 0
      }
    }
  },
  "root_group": {
    "id": "d41d8cd98f00b204e9800998ecf8427e",
    "groups": [],
    "checks": [],
    "name": "",
    "path": ""
  },
  "options": {
    "summaryTrendStats": ["avg", "min", "med", "max", "p(90)", "p(95)"],
    "summaryTimeUnit": "",
    "noColor": false
  },
  "state": {
    "isStdOutTTY": true,
    "isStdErrTTY": true,
    "testRunDurationMs": 53934.5314
  }
}
