{"state":{"isStdOutTTY":true,"isStdErrTTY":true,"testRunDurationMs":77571.7922},"metrics":{"data_received":{"type":"counter","contains":"data","values":{"count":130152,"rate":1677.8263890620797}},"http_req_duration":{"type":"trend","contains":"time","values":{"avg":36399.63562298849,"min":1535.2699,"med":43096.7984,"max":50568.9392,"p(90)":50070.8915,"p(95)":50075.10992}},"http_req_waiting":{"type":"trend","contains":"time","values":{"min":1535.2699,"med":43096.7984,"max":50568.9392,"p(90)":50070.8915,"p(95)":50075.10992,"avg":36399.51086133748}},"vus":{"type":"gauge","contains":"default","values":{"value":13,"min":1,"max":700}},"http_req_blocked":{"type":"trend","contains":"time","values":{"med":0.507,"max":1.5049,"p(90)":0.8505799999999999,"p(95)":0.9452999999999997,"avg":0.39467429467084675,"min":0}},"http_req_receiving":{"type":"trend","contains":"time","values":{"min":0,"med":0,"max":1.0992,"p(90)":0,"p(95)":0.52888,"avg":0.04042612330198536}},"iterations":{"type":"counter","contains":"default","values":{"count":957,"rate":12.336958743103526}},"vus_max":{"type":"gauge","contains":"default","values":{"min":700,"max":700,"value":700}},"http_reqs":{"type":"counter","contains":"default","values":{"count":957,"rate":12.336958743103526}},"http_req_failed":{"type":"rate","contains":"default","values":{"rate":0,"passes":0,"fails":957}},"iteration_duration":{"contains":"time","values":{"p(90)":51073.5707,"p(95)":51088.0473,"avg":37416.50174576807,"min":2551.3451,"med":44123.3883,"max":51571.1855},"type":"trend"},"http_req_duration{expected_response:true}":{"type":"trend","contains":"time","values":{"p(95)":50075.10992,"avg":36399.63562298849,"min":1535.2699,"med":43096.7984,"max":50568.9392,"p(90)":50070.8915}},"http_req_connecting":{"type":"trend","contains":"time","values":{"med":0.5045,"max":1.2693,"p(90)":0.7787799999999999,"p(95)":0.9069399999999999,"avg":0.32056886102403354,"min":0}},"http_req_sending":{"contains":"time","values":{"max":1.5049,"p(90)":0.50658,"p(95)":0.7653599999999999,"avg":0.08433552769070012,"min":0,"med":0},"type":"trend"},"data_sent":{"type":"counter","contains":"data","values":{"count":88688,"rate":1143.302191231312}},"http_req_tls_handshaking":{"type":"trend","contains":"time","values":{"max":0,"p(90)":0,"p(95)":0,"avg":0,"min":0,"med":0}}},"root_group":{"checks":[],"name":"","path":"","id":"d41d8cd98f00b204e9800998ecf8427e","groups":[]},"options":{"summaryTrendStats":["avg","min","med","max","p(90)","p(95)"],"summaryTimeUnit":"","noColor":false}}